gate_path,label,layer,module,total,dropped,drop_rate,mean_score
outputs/supplement_20260525/qwen35_27b/gates/gradient_alpha_proxy_bp80/cssc_gates.json,gradient_alpha_proxy_bp80,43,o_proj,32,22,0.6875,0.4867267543449998
outputs/supplement_20260525/qwen35_27b/gates/gradient_alpha_proxy_bp80/cssc_gates.json,gradient_alpha_proxy_bp80,43,q_proj,32,24,0.75,0.5190282184630632
outputs/supplement_20260525/qwen35_27b/gates/gradient_alpha_proxy_bp80/cssc_gates.json,gradient_alpha_proxy_bp80,43,v_proj,32,27,0.84375,0.48688915371894836
outputs/supplement_20260525/qwen35_27b/gates/gradient_alpha_proxy_bp80/cssc_gates.json,gradient_alpha_proxy_bp80,47,o_proj,32,26,0.8125,0.47721991827711463
outputs/supplement_20260525/qwen35_27b/gates/gradient_alpha_proxy_bp80/cssc_gates.json,gradient_alpha_proxy_bp80,47,q_proj,32,30,0.9375,0.43718577828258276
outputs/supplement_20260525/qwen35_27b/gates/gradient_alpha_proxy_bp80/cssc_gates.json,gradient_alpha_proxy_bp80,47,v_proj,32,23,0.71875,0.5439986269921064
outputs/supplement_20260525/qwen35_27b/gates/gradient_alpha_proxy_bp80/cssc_gates.json,gradient_alpha_proxy_bp80,51,o_proj,32,25,0.78125,0.4320711581967771
outputs/supplement_20260525/qwen35_27b/gates/gradient_alpha_proxy_bp80/cssc_gates.json,gradient_alpha_proxy_bp80,51,q_proj,32,23,0.71875,0.5559582309797406
outputs/supplement_20260525/qwen35_27b/gates/gradient_alpha_proxy_bp80/cssc_gates.json,gradient_alpha_proxy_bp80,51,v_proj,32,27,0.84375,0.46635498432442546
outputs/supplement_20260525/qwen35_27b/gates/gradient_alpha_proxy_bp80/cssc_gates.json,gradient_alpha_proxy_bp80,55,o_proj,32,26,0.8125,0.48954686848446727
outputs/supplement_20260525/qwen35_27b/gates/gradient_alpha_proxy_bp80/cssc_gates.json,gradient_alpha_proxy_bp80,55,q_proj,32,24,0.75,0.5079383538104594
outputs/supplement_20260525/qwen35_27b/gates/gradient_alpha_proxy_bp80/cssc_gates.json,gradient_alpha_proxy_bp80,55,v_proj,32,28,0.875,0.5046279551461339
outputs/supplement_20260525/qwen35_27b/gates/gradient_alpha_proxy_bp80/cssc_gates.json,gradient_alpha_proxy_bp80,59,o_proj,32,25,0.78125,0.5023304549977183
outputs/supplement_20260525/qwen35_27b/gates/gradient_alpha_proxy_bp80/cssc_gates.json,gradient_alpha_proxy_bp80,59,q_proj,32,26,0.8125,0.5357770044356585
outputs/supplement_20260525/qwen35_27b/gates/gradient_alpha_proxy_bp80/cssc_gates.json,gradient_alpha_proxy_bp80,59,v_proj,32,29,0.90625,0.5099949240684509
outputs/supplement_20260525/qwen35_27b/gates/gradient_alpha_proxy_bp80/cssc_gates.json,gradient_alpha_proxy_bp80,63,o_proj,32,23,0.71875,0.5047732689417899
outputs/supplement_20260525/qwen35_27b/gates/gradient_alpha_proxy_bp80/cssc_gates.json,gradient_alpha_proxy_bp80,63,q_proj,32,24,0.75,0.5135051878169179
outputs/supplement_20260525/qwen35_27b/gates/gradient_alpha_proxy_bp80/cssc_gates.json,gradient_alpha_proxy_bp80,63,v_proj,32,29,0.90625,0.5150344776920974
outputs/supplement_20260525/qwen35_27b/gates/random_seed0_bp80/cssc_gates.json,random_seed0_bp80,43,o_proj,32,28,0.875,0.0
outputs/supplement_20260525/qwen35_27b/gates/random_seed0_bp80/cssc_gates.json,random_seed0_bp80,43,q_proj,32,24,0.75,0.0
outputs/supplement_20260525/qwen35_27b/gates/random_seed0_bp80/cssc_gates.json,random_seed0_bp80,43,v_proj,32,25,0.78125,0.0
outputs/supplement_20260525/qwen35_27b/gates/random_seed0_bp80/cssc_gates.json,random_seed0_bp80,47,o_proj,32,28,0.875,0.0
outputs/supplement_20260525/qwen35_27b/gates/random_seed0_bp80/cssc_gates.json,random_seed0_bp80,47,q_proj,32,22,0.6875,0.0
outputs/supplement_20260525/qwen35_27b/gates/random_seed0_bp80/cssc_gates.json,random_seed0_bp80,47,v_proj,32,21,0.65625,0.0
outputs/supplement_20260525/qwen35_27b/gates/random_seed0_bp80/cssc_gates.json,random_seed0_bp80,51,o_proj,32,22,0.6875,0.0
outputs/supplement_20260525/qwen35_27b/gates/random_seed0_bp80/cssc_gates.json,random_seed0_bp80,51,q_proj,32,27,0.84375,0.0
outputs/supplement_20260525/qwen35_27b/gates/random_seed0_bp80/cssc_gates.json,random_seed0_bp80,51,v_proj,32,26,0.8125,0.0
outputs/supplement_20260525/qwen35_27b/gates/random_seed0_bp80/cssc_gates.json,random_seed0_bp80,55,o_proj,32,27,0.84375,0.0
outputs/supplement_20260525/qwen35_27b/gates/random_seed0_bp80/cssc_gates.json,random_seed0_bp80,55,q_proj,32,27,0.84375,0.0
outputs/supplement_20260525/qwen35_27b/gates/random_seed0_bp80/cssc_gates.json,random_seed0_bp80,55,v_proj,32,22,0.6875,0.0
outputs/supplement_20260525/qwen35_27b/gates/random_seed0_bp80/cssc_gates.json,random_seed0_bp80,59,o_proj,32,25,0.78125,0.0
outputs/supplement_20260525/qwen35_27b/gates/random_seed0_bp80/cssc_gates.json,random_seed0_bp80,59,q_proj,32,26,0.8125,0.0
outputs/supplement_20260525/qwen35_27b/gates/random_seed0_bp80/cssc_gates.json,random_seed0_bp80,59,v_proj,32,27,0.84375,0.0
outputs/supplement_20260525/qwen35_27b/gates/random_seed0_bp80/cssc_gates.json,random_seed0_bp80,63,o_proj,32,29,0.90625,0.0
outputs/supplement_20260525/qwen35_27b/gates/random_seed0_bp80/cssc_gates.json,random_seed0_bp80,63,q_proj,32,27,0.84375,0.0
outputs/supplement_20260525/qwen35_27b/gates/random_seed0_bp80/cssc_gates.json,random_seed0_bp80,63,v_proj,32,28,0.875,0.0
outputs/supplement_20260525/qwen35_27b/gates/random_seed1_bp80/cssc_gates.json,random_seed1_bp80,43,o_proj,32,29,0.90625,0.0
outputs/supplement_20260525/qwen35_27b/gates/random_seed1_bp80/cssc_gates.json,random_seed1_bp80,43,q_proj,32,25,0.78125,0.0
outputs/supplement_20260525/qwen35_27b/gates/random_seed1_bp80/cssc_gates.json,random_seed1_bp80,43,v_proj,32,23,0.71875,0.0
outputs/supplement_20260525/qwen35_27b/gates/random_seed1_bp80/cssc_gates.json,random_seed1_bp80,47,o_proj,32,23,0.71875,0.0
outputs/supplement_20260525/qwen35_27b/gates/random_seed1_bp80/cssc_gates.json,random_seed1_bp80,47,q_proj,32,24,0.75,0.0
outputs/supplement_20260525/qwen35_27b/gates/random_seed1_bp80/cssc_gates.json,random_seed1_bp80,47,v_proj,32,24,0.75,0.0
outputs/supplement_20260525/qwen35_27b/gates/random_seed1_bp80/cssc_gates.json,random_seed1_bp80,51,o_proj,32,27,0.84375,0.0
outputs/supplement_20260525/qwen35_27b/gates/random_seed1_bp80/cssc_gates.json,random_seed1_bp80,51,q_proj,32,28,0.875,0.0
outputs/supplement_20260525/qwen35_27b/gates/random_seed1_bp80/cssc_gates.json,random_seed1_bp80,51,v_proj,32,30,0.9375,0.0
outputs/supplement_20260525/qwen35_27b/gates/random_seed1_bp80/cssc_gates.json,random_seed1_bp80,55,o_proj,32,26,0.8125,0.0
outputs/supplement_20260525/qwen35_27b/gates/random_seed1_bp80/cssc_gates.json,random_seed1_bp80,55,q_proj,32,25,0.78125,0.0
outputs/supplement_20260525/qwen35_27b/gates/random_seed1_bp80/cssc_gates.json,random_seed1_bp80,55,v_proj,32,24,0.75,0.0
outputs/supplement_20260525/qwen35_27b/gates/random_seed1_bp80/cssc_gates.json,random_seed1_bp80,59,o_proj,32,26,0.8125,0.0
outputs/supplement_20260525/qwen35_27b/gates/random_seed1_bp80/cssc_gates.json,random_seed1_bp80,59,q_proj,32,25,0.78125,0.0
outputs/supplement_20260525/qwen35_27b/gates/random_seed1_bp80/cssc_gates.json,random_seed1_bp80,59,v_proj,32,27,0.84375,0.0
outputs/supplement_20260525/qwen35_27b/gates/random_seed1_bp80/cssc_gates.json,random_seed1_bp80,63,o_proj,32,25,0.78125,0.0
outputs/supplement_20260525/qwen35_27b/gates/random_seed1_bp80/cssc_gates.json,random_seed1_bp80,63,q_proj,32,26,0.8125,0.0
outputs/supplement_20260525/qwen35_27b/gates/random_seed1_bp80/cssc_gates.json,random_seed1_bp80,63,v_proj,32,24,0.75,0.0
outputs/supplement_20260525/qwen35_27b/gates/random_seed2_bp80/cssc_gates.json,random_seed2_bp80,43,o_proj,32,25,0.78125,0.0
outputs/supplement_20260525/qwen35_27b/gates/random_seed2_bp80/cssc_gates.json,random_seed2_bp80,43,q_proj,32,30,0.9375,0.0
outputs/supplement_20260525/qwen35_27b/gates/random_seed2_bp80/cssc_gates.json,random_seed2_bp80,43,v_proj,32,25,0.78125,0.0
outputs/supplement_20260525/qwen35_27b/gates/random_seed2_bp80/cssc_gates.json,random_seed2_bp80,47,o_proj,32,24,0.75,0.0
outputs/supplement_20260525/qwen35_27b/gates/random_seed2_bp80/cssc_gates.json,random_seed2_bp80,47,q_proj,32,23,0.71875,0.0
outputs/supplement_20260525/qwen35_27b/gates/random_seed2_bp80/cssc_gates.json,random_seed2_bp80,47,v_proj,32,26,0.8125,0.0
outputs/supplement_20260525/qwen35_27b/gates/random_seed2_bp80/cssc_gates.json,random_seed2_bp80,51,o_proj,32,28,0.875,0.0
outputs/supplement_20260525/qwen35_27b/gates/random_seed2_bp80/cssc_gates.json,random_seed2_bp80,51,q_proj,32,23,0.71875,0.0
outputs/supplement_20260525/qwen35_27b/gates/random_seed2_bp80/cssc_gates.json,random_seed2_bp80,51,v_proj,32,25,0.78125,0.0
outputs/supplement_20260525/qwen35_27b/gates/random_seed2_bp80/cssc_gates.json,random_seed2_bp80,55,o_proj,32,26,0.8125,0.0
outputs/supplement_20260525/qwen35_27b/gates/random_seed2_bp80/cssc_gates.json,random_seed2_bp80,55,q_proj,32,26,0.8125,0.0
outputs/supplement_20260525/qwen35_27b/gates/random_seed2_bp80/cssc_gates.json,random_seed2_bp80,55,v_proj,32,25,0.78125,0.0
outputs/supplement_20260525/qwen35_27b/gates/random_seed2_bp80/cssc_gates.json,random_seed2_bp80,59,o_proj,32,24,0.75,0.0
outputs/supplement_20260525/qwen35_27b/gates/random_seed2_bp80/cssc_gates.json,random_seed2_bp80,59,q_proj,32,23,0.71875,0.0
outputs/supplement_20260525/qwen35_27b/gates/random_seed2_bp80/cssc_gates.json,random_seed2_bp80,59,v_proj,32,26,0.8125,0.0
outputs/supplement_20260525/qwen35_27b/gates/random_seed2_bp80/cssc_gates.json,random_seed2_bp80,63,o_proj,32,28,0.875,0.0
outputs/supplement_20260525/qwen35_27b/gates/random_seed2_bp80/cssc_gates.json,random_seed2_bp80,63,q_proj,32,27,0.84375,0.0
outputs/supplement_20260525/qwen35_27b/gates/random_seed2_bp80/cssc_gates.json,random_seed2_bp80,63,v_proj,32,27,0.84375,0.0
outputs/supplement_20260525/qwen35_27b/gates/random_seed3_bp80/cssc_gates.json,random_seed3_bp80,43,o_proj,32,30,0.9375,0.0
outputs/supplement_20260525/qwen35_27b/gates/random_seed3_bp80/cssc_gates.json,random_seed3_bp80,43,q_proj,32,23,0.71875,0.0
outputs/supplement_20260525/qwen35_27b/gates/random_seed3_bp80/cssc_gates.json,random_seed3_bp80,43,v_proj,32,25,0.78125,0.0
outputs/supplement_20260525/qwen35_27b/gates/random_seed3_bp80/cssc_gates.json,random_seed3_bp80,47,o_proj,32,24,0.75,0.0
outputs/supplement_20260525/qwen35_27b/gates/random_seed3_bp80/cssc_gates.json,random_seed3_bp80,47,q_proj,32,29,0.90625,0.0
outputs/supplement_20260525/qwen35_27b/gates/random_seed3_bp80/cssc_gates.json,random_seed3_bp80,47,v_proj,32,26,0.8125,0.0
outputs/supplement_20260525/qwen35_27b/gates/random_seed3_bp80/cssc_gates.json,random_seed3_bp80,51,o_proj,32,24,0.75,0.0
outputs/supplement_20260525/qwen35_27b/gates/random_seed3_bp80/cssc_gates.json,random_seed3_bp80,51,q_proj,32,24,0.75,0.0
outputs/supplement_20260525/qwen35_27b/gates/random_seed3_bp80/cssc_gates.json,random_seed3_bp80,51,v_proj,32,24,0.75,0.0
outputs/supplement_20260525/qwen35_27b/gates/random_seed3_bp80/cssc_gates.json,random_seed3_bp80,55,o_proj,32,30,0.9375,0.0
outputs/supplement_20260525/qwen35_27b/gates/random_seed3_bp80/cssc_gates.json,random_seed3_bp80,55,q_proj,32,25,0.78125,0.0
outputs/supplement_20260525/qwen35_27b/gates/random_seed3_bp80/cssc_gates.json,random_seed3_bp80,55,v_proj,32,26,0.8125,0.0
outputs/supplement_20260525/qwen35_27b/gates/random_seed3_bp80/cssc_gates.json,random_seed3_bp80,59,o_proj,32,26,0.8125,0.0
outputs/supplement_20260525/qwen35_27b/gates/random_seed3_bp80/cssc_gates.json,random_seed3_bp80,59,q_proj,32,24,0.75,0.0
outputs/supplement_20260525/qwen35_27b/gates/random_seed3_bp80/cssc_gates.json,random_seed3_bp80,59,v_proj,32,23,0.71875,0.0
outputs/supplement_20260525/qwen35_27b/gates/random_seed3_bp80/cssc_gates.json,random_seed3_bp80,63,o_proj,32,27,0.84375,0.0
outputs/supplement_20260525/qwen35_27b/gates/random_seed3_bp80/cssc_gates.json,random_seed3_bp80,63,q_proj,32,27,0.84375,0.0
outputs/supplement_20260525/qwen35_27b/gates/random_seed3_bp80/cssc_gates.json,random_seed3_bp80,63,v_proj,32,24,0.75,0.0
outputs/supplement_20260525/qwen35_27b/gates/random_seed42_bp40/cssc_gates.json,random_seed42_bp40,43,o_proj,32,13,0.40625,0.0
outputs/supplement_20260525/qwen35_27b/gates/random_seed42_bp40/cssc_gates.json,random_seed42_bp40,43,q_proj,32,12,0.375,0.0
outputs/supplement_20260525/qwen35_27b/gates/random_seed42_bp40/cssc_gates.json,random_seed42_bp40,43,v_proj,32,14,0.4375,0.0
outputs/supplement_20260525/qwen35_27b/gates/random_seed42_bp40/cssc_gates.json,random_seed42_bp40,47,o_proj,32,14,0.4375,0.0
outputs/supplement_20260525/qwen35_27b/gates/random_seed42_bp40/cssc_gates.json,random_seed42_bp40,47,q_proj,32,11,0.34375,0.0
outputs/supplement_20260525/qwen35_27b/gates/random_seed42_bp40/cssc_gates.json,random_seed42_bp40,47,v_proj,32,10,0.3125,0.0
outputs/supplement_20260525/qwen35_27b/gates/random_seed42_bp40/cssc_gates.json,random_seed42_bp40,51,o_proj,32,14,0.4375,0.0
outputs/supplement_20260525/qwen35_27b/gates/random_seed42_bp40/cssc_gates.json,random_seed42_bp40,51,q_proj,32,15,0.46875,0.0
outputs/supplement_20260525/qwen35_27b/gates/random_seed42_bp40/cssc_gates.json,random_seed42_bp40,51,v_proj,32,16,0.5,0.0
outputs/supplement_20260525/qwen35_27b/gates/random_seed42_bp40/cssc_gates.json,random_seed42_bp40,55,o_proj,32,10,0.3125,0.0
outputs/supplement_20260525/qwen35_27b/gates/random_seed42_bp40/cssc_gates.json,random_seed42_bp40,55,q_proj,32,13,0.40625,0.0
outputs/supplement_20260525/qwen35_27b/gates/random_seed42_bp40/cssc_gates.json,random_seed42_bp40,55,v_proj,32,12,0.375,0.0
outputs/supplement_20260525/qwen35_27b/gates/random_seed42_bp40/cssc_gates.json,random_seed42_bp40,59,o_proj,32,12,0.375,0.0
outputs/supplement_20260525/qwen35_27b/gates/random_seed42_bp40/cssc_gates.json,random_seed42_bp40,59,q_proj,32,12,0.375,0.0
outputs/supplement_20260525/qwen35_27b/gates/random_seed42_bp40/cssc_gates.json,random_seed42_bp40,59,v_proj,32,14,0.4375,0.0
outputs/supplement_20260525/qwen35_27b/gates/random_seed42_bp40/cssc_gates.json,random_seed42_bp40,63,o_proj,32,14,0.4375,0.0
outputs/supplement_20260525/qwen35_27b/gates/random_seed42_bp40/cssc_gates.json,random_seed42_bp40,63,q_proj,32,12,0.375,0.0
outputs/supplement_20260525/qwen35_27b/gates/random_seed42_bp40/cssc_gates.json,random_seed42_bp40,63,v_proj,32,12,0.375,0.0
outputs/supplement_20260525/qwen35_27b/gates/random_seed42_bp70/cssc_gates.json,random_seed42_bp70,43,o_proj,32,22,0.6875,0.0
outputs/supplement_20260525/qwen35_27b/gates/random_seed42_bp70/cssc_gates.json,random_seed42_bp70,43,q_proj,32,26,0.8125,0.0
outputs/supplement_20260525/qwen35_27b/gates/random_seed42_bp70/cssc_gates.json,random_seed42_bp70,43,v_proj,32,24,0.75,0.0
outputs/supplement_20260525/qwen35_27b/gates/random_seed42_bp70/cssc_gates.json,random_seed42_bp70,47,o_proj,32,23,0.71875,0.0
outputs/supplement_20260525/qwen35_27b/gates/random_seed42_bp70/cssc_gates.json,random_seed42_bp70,47,q_proj,32,24,0.75,0.0
outputs/supplement_20260525/qwen35_27b/gates/random_seed42_bp70/cssc_gates.json,random_seed42_bp70,47,v_proj,32,20,0.625,0.0
outputs/supplement_20260525/qwen35_27b/gates/random_seed42_bp70/cssc_gates.json,random_seed42_bp70,51,o_proj,32,22,0.6875,0.0
outputs/supplement_20260525/qwen35_27b/gates/random_seed42_bp70/cssc_gates.json,random_seed42_bp70,51,q_proj,32,25,0.78125,0.0
outputs/supplement_20260525/qwen35_27b/gates/random_seed42_bp70/cssc_gates.json,random_seed42_bp70,51,v_proj,32,24,0.75,0.0
outputs/supplement_20260525/qwen35_27b/gates/random_seed42_bp70/cssc_gates.json,random_seed42_bp70,55,o_proj,32,22,0.6875,0.0
outputs/supplement_20260525/qwen35_27b/gates/random_seed42_bp70/cssc_gates.json,random_seed42_bp70,55,q_proj,32,25,0.78125,0.0
outputs/supplement_20260525/qwen35_27b/gates/random_seed42_bp70/cssc_gates.json,random_seed42_bp70,55,v_proj,32,20,0.625,0.0
outputs/supplement_20260525/qwen35_27b/gates/random_seed42_bp70/cssc_gates.json,random_seed42_bp70,59,o_proj,32,18,0.5625,0.0
outputs/supplement_20260525/qwen35_27b/gates/random_seed42_bp70/cssc_gates.json,random_seed42_bp70,59,q_proj,32,21,0.65625,0.0
outputs/supplement_20260525/qwen35_27b/gates/random_seed42_bp70/cssc_gates.json,random_seed42_bp70,59,v_proj,32,17,0.53125,0.0
outputs/supplement_20260525/qwen35_27b/gates/random_seed42_bp70/cssc_gates.json,random_seed42_bp70,63,o_proj,32,24,0.75,0.0
outputs/supplement_20260525/qwen35_27b/gates/random_seed42_bp70/cssc_gates.json,random_seed42_bp70,63,q_proj,32,22,0.6875,0.0
outputs/supplement_20260525/qwen35_27b/gates/random_seed42_bp70/cssc_gates.json,random_seed42_bp70,63,v_proj,32,24,0.75,0.0
outputs/supplement_20260525/qwen35_27b/gates/random_seed4_bp80/cssc_gates.json,random_seed4_bp80,43,o_proj,32,26,0.8125,0.0
outputs/supplement_20260525/qwen35_27b/gates/random_seed4_bp80/cssc_gates.json,random_seed4_bp80,43,q_proj,32,23,0.71875,0.0
outputs/supplement_20260525/qwen35_27b/gates/random_seed4_bp80/cssc_gates.json,random_seed4_bp80,43,v_proj,32,28,0.875,0.0
outputs/supplement_20260525/qwen35_27b/gates/random_seed4_bp80/cssc_gates.json,random_seed4_bp80,47,o_proj,32,29,0.90625,0.0
outputs/supplement_20260525/qwen35_27b/gates/random_seed4_bp80/cssc_gates.json,random_seed4_bp80,47,q_proj,32,27,0.84375,0.0
outputs/supplement_20260525/qwen35_27b/gates/random_seed4_bp80/cssc_gates.json,random_seed4_bp80,47,v_proj,32,25,0.78125,0.0
outputs/supplement_20260525/qwen35_27b/gates/random_seed4_bp80/cssc_gates.json,random_seed4_bp80,51,o_proj,32,26,0.8125,0.0
outputs/supplement_20260525/qwen35_27b/gates/random_seed4_bp80/cssc_gates.json,random_seed4_bp80,51,q_proj,32,25,0.78125,0.0
outputs/supplement_20260525/qwen35_27b/gates/random_seed4_bp80/cssc_gates.json,random_seed4_bp80,51,v_proj,32,24,0.75,0.0
outputs/supplement_20260525/qwen35_27b/gates/random_seed4_bp80/cssc_gates.json,random_seed4_bp80,55,o_proj,32,30,0.9375,0.0
outputs/supplement_20260525/qwen35_27b/gates/random_seed4_bp80/cssc_gates.json,random_seed4_bp80,55,q_proj,32,25,0.78125,0.0
outputs/supplement_20260525/qwen35_27b/gates/random_seed4_bp80/cssc_gates.json,random_seed4_bp80,55,v_proj,32,22,0.6875,0.0
outputs/supplement_20260525/qwen35_27b/gates/random_seed4_bp80/cssc_gates.json,random_seed4_bp80,59,o_proj,32,24,0.75,0.0
outputs/supplement_20260525/qwen35_27b/gates/random_seed4_bp80/cssc_gates.json,random_seed4_bp80,59,q_proj,32,23,0.71875,0.0
outputs/supplement_20260525/qwen35_27b/gates/random_seed4_bp80/cssc_gates.json,random_seed4_bp80,59,v_proj,32,25,0.78125,0.0
outputs/supplement_20260525/qwen35_27b/gates/random_seed4_bp80/cssc_gates.json,random_seed4_bp80,63,o_proj,32,23,0.71875,0.0
outputs/supplement_20260525/qwen35_27b/gates/random_seed4_bp80/cssc_gates.json,random_seed4_bp80,63,q_proj,32,27,0.84375,0.0
outputs/supplement_20260525/qwen35_27b/gates/random_seed4_bp80/cssc_gates.json,random_seed4_bp80,63,v_proj,32,29,0.90625,0.0
outputs/supplement_20260525/qwen35_27b/gates/random_seed5_bp80/cssc_gates.json,random_seed5_bp80,43,o_proj,32,24,0.75,0.0
outputs/supplement_20260525/qwen35_27b/gates/random_seed5_bp80/cssc_gates.json,random_seed5_bp80,43,q_proj,32,21,0.65625,0.0
outputs/supplement_20260525/qwen35_27b/gates/random_seed5_bp80/cssc_gates.json,random_seed5_bp80,43,v_proj,32,28,0.875,0.0
outputs/supplement_20260525/qwen35_27b/gates/random_seed5_bp80/cssc_gates.json,random_seed5_bp80,47,o_proj,32,25,0.78125,0.0
outputs/supplement_20260525/qwen35_27b/gates/random_seed5_bp80/cssc_gates.json,random_seed5_bp80,47,q_proj,32,24,0.75,0.0
outputs/supplement_20260525/qwen35_27b/gates/random_seed5_bp80/cssc_gates.json,random_seed5_bp80,47,v_proj,32,29,0.90625,0.0
outputs/supplement_20260525/qwen35_27b/gates/random_seed5_bp80/cssc_gates.json,random_seed5_bp80,51,o_proj,32,29,0.90625,0.0
outputs/supplement_20260525/qwen35_27b/gates/random_seed5_bp80/cssc_gates.json,random_seed5_bp80,51,q_proj,32,29,0.90625,0.0
outputs/supplement_20260525/qwen35_27b/gates/random_seed5_bp80/cssc_gates.json,random_seed5_bp80,51,v_proj,32,27,0.84375,0.0
outputs/supplement_20260525/qwen35_27b/gates/random_seed5_bp80/cssc_gates.json,random_seed5_bp80,55,o_proj,32,26,0.8125,0.0
outputs/supplement_20260525/qwen35_27b/gates/random_seed5_bp80/cssc_gates.json,random_seed5_bp80,55,q_proj,32,23,0.71875,0.0
outputs/supplement_20260525/qwen35_27b/gates/random_seed5_bp80/cssc_gates.json,random_seed5_bp80,55,v_proj,32,28,0.875,0.0
outputs/supplement_20260525/qwen35_27b/gates/random_seed5_bp80/cssc_gates.json,random_seed5_bp80,59,o_proj,32,24,0.75,0.0
outputs/supplement_20260525/qwen35_27b/gates/random_seed5_bp80/cssc_gates.json,random_seed5_bp80,59,q_proj,32,23,0.71875,0.0
outputs/supplement_20260525/qwen35_27b/gates/random_seed5_bp80/cssc_gates.json,random_seed5_bp80,59,v_proj,32,26,0.8125,0.0
outputs/supplement_20260525/qwen35_27b/gates/random_seed5_bp80/cssc_gates.json,random_seed5_bp80,63,o_proj,32,26,0.8125,0.0
outputs/supplement_20260525/qwen35_27b/gates/random_seed5_bp80/cssc_gates.json,random_seed5_bp80,63,q_proj,32,25,0.78125,0.0
outputs/supplement_20260525/qwen35_27b/gates/random_seed5_bp80/cssc_gates.json,random_seed5_bp80,63,v_proj,32,24,0.75,0.0
outputs/supplement_20260525/qwen35_27b/gates/random_seed6_bp80/cssc_gates.json,random_seed6_bp80,43,o_proj,32,27,0.84375,0.0
outputs/supplement_20260525/qwen35_27b/gates/random_seed6_bp80/cssc_gates.json,random_seed6_bp80,43,q_proj,32,22,0.6875,0.0
outputs/supplement_20260525/qwen35_27b/gates/random_seed6_bp80/cssc_gates.json,random_seed6_bp80,43,v_proj,32,27,0.84375,0.0
outputs/supplement_20260525/qwen35_27b/gates/random_seed6_bp80/cssc_gates.json,random_seed6_bp80,47,o_proj,32,23,0.71875,0.0
outputs/supplement_20260525/qwen35_27b/gates/random_seed6_bp80/cssc_gates.json,random_seed6_bp80,47,q_proj,32,23,0.71875,0.0
outputs/supplement_20260525/qwen35_27b/gates/random_seed6_bp80/cssc_gates.json,random_seed6_bp80,47,v_proj,32,23,0.71875,0.0
outputs/supplement_20260525/qwen35_27b/gates/random_seed6_bp80/cssc_gates.json,random_seed6_bp80,51,o_proj,32,28,0.875,0.0
outputs/supplement_20260525/qwen35_27b/gates/random_seed6_bp80/cssc_gates.json,random_seed6_bp80,51,q_proj,32,29,0.90625,0.0
outputs/supplement_20260525/qwen35_27b/gates/random_seed6_bp80/cssc_gates.json,random_seed6_bp80,51,v_proj,32,23,0.71875,0.0
outputs/supplement_20260525/qwen35_27b/gates/random_seed6_bp80/cssc_gates.json,random_seed6_bp80,55,o_proj,32,25,0.78125,0.0
outputs/supplement_20260525/qwen35_27b/gates/random_seed6_bp80/cssc_gates.json,random_seed6_bp80,55,q_proj,32,26,0.8125,0.0
outputs/supplement_20260525/qwen35_27b/gates/random_seed6_bp80/cssc_gates.json,random_seed6_bp80,55,v_proj,32,26,0.8125,0.0
outputs/supplement_20260525/qwen35_27b/gates/random_seed6_bp80/cssc_gates.json,random_seed6_bp80,59,o_proj,32,25,0.78125,0.0
outputs/supplement_20260525/qwen35_27b/gates/random_seed6_bp80/cssc_gates.json,random_seed6_bp80,59,q_proj,32,26,0.8125,0.0
outputs/supplement_20260525/qwen35_27b/gates/random_seed6_bp80/cssc_gates.json,random_seed6_bp80,59,v_proj,32,22,0.6875,0.0
outputs/supplement_20260525/qwen35_27b/gates/random_seed6_bp80/cssc_gates.json,random_seed6_bp80,63,o_proj,32,31,0.96875,0.0
outputs/supplement_20260525/qwen35_27b/gates/random_seed6_bp80/cssc_gates.json,random_seed6_bp80,63,q_proj,32,30,0.9375,0.0
outputs/supplement_20260525/qwen35_27b/gates/random_seed6_bp80/cssc_gates.json,random_seed6_bp80,63,v_proj,32,25,0.78125,0.0
outputs/supplement_20260525/qwen35_27b/gates/random_seed7_bp80/cssc_gates.json,random_seed7_bp80,43,o_proj,32,23,0.71875,0.0
outputs/supplement_20260525/qwen35_27b/gates/random_seed7_bp80/cssc_gates.json,random_seed7_bp80,43,q_proj,32,27,0.84375,0.0
outputs/supplement_20260525/qwen35_27b/gates/random_seed7_bp80/cssc_gates.json,random_seed7_bp80,43,v_proj,32,25,0.78125,0.0
outputs/supplement_20260525/qwen35_27b/gates/random_seed7_bp80/cssc_gates.json,random_seed7_bp80,47,o_proj,32,30,0.9375,0.0
outputs/supplement_20260525/qwen35_27b/gates/random_seed7_bp80/cssc_gates.json,random_seed7_bp80,47,q_proj,32,25,0.78125,0.0
outputs/supplement_20260525/qwen35_27b/gates/random_seed7_bp80/cssc_gates.json,random_seed7_bp80,47,v_proj,32,23,0.71875,0.0
outputs/supplement_20260525/qwen35_27b/gates/random_seed7_bp80/cssc_gates.json,random_seed7_bp80,51,o_proj,32,26,0.8125,0.0
outputs/supplement_20260525/qwen35_27b/gates/random_seed7_bp80/cssc_gates.json,random_seed7_bp80,51,q_proj,32,28,0.875,0.0
outputs/supplement_20260525/qwen35_27b/gates/random_seed7_bp80/cssc_gates.json,random_seed7_bp80,51,v_proj,32,26,0.8125,0.0
outputs/supplement_20260525/qwen35_27b/gates/random_seed7_bp80/cssc_gates.json,random_seed7_bp80,55,o_proj,32,28,0.875,0.0
outputs/supplement_20260525/qwen35_27b/gates/random_seed7_bp80/cssc_gates.json,random_seed7_bp80,55,q_proj,32,25,0.78125,0.0
outputs/supplement_20260525/qwen35_27b/gates/random_seed7_bp80/cssc_gates.json,random_seed7_bp80,55,v_proj,32,29,0.90625,0.0
outputs/supplement_20260525/qwen35_27b/gates/random_seed7_bp80/cssc_gates.json,random_seed7_bp80,59,o_proj,32,22,0.6875,0.0
outputs/supplement_20260525/qwen35_27b/gates/random_seed7_bp80/cssc_gates.json,random_seed7_bp80,59,q_proj,32,25,0.78125,0.0
outputs/supplement_20260525/qwen35_27b/gates/random_seed7_bp80/cssc_gates.json,random_seed7_bp80,59,v_proj,32,24,0.75,0.0
outputs/supplement_20260525/qwen35_27b/gates/random_seed7_bp80/cssc_gates.json,random_seed7_bp80,63,o_proj,32,25,0.78125,0.0
outputs/supplement_20260525/qwen35_27b/gates/random_seed7_bp80/cssc_gates.json,random_seed7_bp80,63,q_proj,32,26,0.8125,0.0
outputs/supplement_20260525/qwen35_27b/gates/random_seed7_bp80/cssc_gates.json,random_seed7_bp80,63,v_proj,32,24,0.75,0.0
outputs/supplement_20260525/qwen35_27b/gates/random_seed8_bp80/cssc_gates.json,random_seed8_bp80,43,o_proj,32,24,0.75,0.0
outputs/supplement_20260525/qwen35_27b/gates/random_seed8_bp80/cssc_gates.json,random_seed8_bp80,43,q_proj,32,23,0.71875,0.0
outputs/supplement_20260525/qwen35_27b/gates/random_seed8_bp80/cssc_gates.json,random_seed8_bp80,43,v_proj,32,24,0.75,0.0
outputs/supplement_20260525/qwen35_27b/gates/random_seed8_bp80/cssc_gates.json,random_seed8_bp80,47,o_proj,32,28,0.875,0.0
outputs/supplement_20260525/qwen35_27b/gates/random_seed8_bp80/cssc_gates.json,random_seed8_bp80,47,q_proj,32,28,0.875,0.0
outputs/supplement_20260525/qwen35_27b/gates/random_seed8_bp80/cssc_gates.json,random_seed8_bp80,47,v_proj,32,25,0.78125,0.0
outputs/supplement_20260525/qwen35_27b/gates/random_seed8_bp80/cssc_gates.json,random_seed8_bp80,51,o_proj,32,27,0.84375,0.0
outputs/supplement_20260525/qwen35_27b/gates/random_seed8_bp80/cssc_gates.json,random_seed8_bp80,51,q_proj,32,25,0.78125,0.0
outputs/supplement_20260525/qwen35_27b/gates/random_seed8_bp80/cssc_gates.json,random_seed8_bp80,51,v_proj,32,25,0.78125,0.0
outputs/supplement_20260525/qwen35_27b/gates/random_seed8_bp80/cssc_gates.json,random_seed8_bp80,55,o_proj,32,28,0.875,0.0
outputs/supplement_20260525/qwen35_27b/gates/random_seed8_bp80/cssc_gates.json,random_seed8_bp80,55,q_proj,32,28,0.875,0.0
outputs/supplement_20260525/qwen35_27b/gates/random_seed8_bp80/cssc_gates.json,random_seed8_bp80,55,v_proj,32,23,0.71875,0.0
outputs/supplement_20260525/qwen35_27b/gates/random_seed8_bp80/cssc_gates.json,random_seed8_bp80,59,o_proj,32,23,0.71875,0.0
outputs/supplement_20260525/qwen35_27b/gates/random_seed8_bp80/cssc_gates.json,random_seed8_bp80,59,q_proj,32,21,0.65625,0.0
outputs/supplement_20260525/qwen35_27b/gates/random_seed8_bp80/cssc_gates.json,random_seed8_bp80,59,v_proj,32,26,0.8125,0.0
outputs/supplement_20260525/qwen35_27b/gates/random_seed8_bp80/cssc_gates.json,random_seed8_bp80,63,o_proj,32,25,0.78125,0.0
outputs/supplement_20260525/qwen35_27b/gates/random_seed8_bp80/cssc_gates.json,random_seed8_bp80,63,q_proj,32,31,0.96875,0.0
outputs/supplement_20260525/qwen35_27b/gates/random_seed8_bp80/cssc_gates.json,random_seed8_bp80,63,v_proj,32,27,0.84375,0.0
outputs/supplement_20260525/qwen35_27b/gates/random_seed9_bp80/cssc_gates.json,random_seed9_bp80,43,o_proj,32,28,0.875,0.0
outputs/supplement_20260525/qwen35_27b/gates/random_seed9_bp80/cssc_gates.json,random_seed9_bp80,43,q_proj,32,26,0.8125,0.0
outputs/supplement_20260525/qwen35_27b/gates/random_seed9_bp80/cssc_gates.json,random_seed9_bp80,43,v_proj,32,26,0.8125,0.0
outputs/supplement_20260525/qwen35_27b/gates/random_seed9_bp80/cssc_gates.json,random_seed9_bp80,47,o_proj,32,23,0.71875,0.0
outputs/supplement_20260525/qwen35_27b/gates/random_seed9_bp80/cssc_gates.json,random_seed9_bp80,47,q_proj,32,27,0.84375,0.0
outputs/supplement_20260525/qwen35_27b/gates/random_seed9_bp80/cssc_gates.json,random_seed9_bp80,47,v_proj,32,21,0.65625,0.0
outputs/supplement_20260525/qwen35_27b/gates/random_seed9_bp80/cssc_gates.json,random_seed9_bp80,51,o_proj,32,25,0.78125,0.0
outputs/supplement_20260525/qwen35_27b/gates/random_seed9_bp80/cssc_gates.json,random_seed9_bp80,51,q_proj,32,23,0.71875,0.0
outputs/supplement_20260525/qwen35_27b/gates/random_seed9_bp80/cssc_gates.json,random_seed9_bp80,51,v_proj,32,24,0.75,0.0
outputs/supplement_20260525/qwen35_27b/gates/random_seed9_bp80/cssc_gates.json,random_seed9_bp80,55,o_proj,32,27,0.84375,0.0
outputs/supplement_20260525/qwen35_27b/gates/random_seed9_bp80/cssc_gates.json,random_seed9_bp80,55,q_proj,32,29,0.90625,0.0
outputs/supplement_20260525/qwen35_27b/gates/random_seed9_bp80/cssc_gates.json,random_seed9_bp80,55,v_proj,32,27,0.84375,0.0
outputs/supplement_20260525/qwen35_27b/gates/random_seed9_bp80/cssc_gates.json,random_seed9_bp80,59,o_proj,32,26,0.8125,0.0
outputs/supplement_20260525/qwen35_27b/gates/random_seed9_bp80/cssc_gates.json,random_seed9_bp80,59,q_proj,32,24,0.75,0.0
outputs/supplement_20260525/qwen35_27b/gates/random_seed9_bp80/cssc_gates.json,random_seed9_bp80,59,v_proj,32,26,0.8125,0.0
outputs/supplement_20260525/qwen35_27b/gates/random_seed9_bp80/cssc_gates.json,random_seed9_bp80,63,o_proj,32,28,0.875,0.0
outputs/supplement_20260525/qwen35_27b/gates/random_seed9_bp80/cssc_gates.json,random_seed9_bp80,63,q_proj,32,26,0.8125,0.0
outputs/supplement_20260525/qwen35_27b/gates/random_seed9_bp80/cssc_gates.json,random_seed9_bp80,63,v_proj,32,25,0.78125,0.0
outputs/supplement_20260525/qwen35_27b/gates/sac_alpha_bp20/cssc_gates.json,sac_alpha_bp20,43,o_proj,32,10,0.3125,-0.006718581971654203
outputs/supplement_20260525/qwen35_27b/gates/sac_alpha_bp20/cssc_gates.json,sac_alpha_bp20,43,q_proj,32,6,0.1875,0.009418799658305943
outputs/supplement_20260525/qwen35_27b/gates/sac_alpha_bp20/cssc_gates.json,sac_alpha_bp20,43,v_proj,32,6,0.1875,-0.006007946329191327
outputs/supplement_20260525/qwen35_27b/gates/sac_alpha_bp20/cssc_gates.json,sac_alpha_bp20,47,o_proj,32,11,0.34375,-0.011142401519464329
outputs/supplement_20260525/qwen35_27b/gates/sac_alpha_bp20/cssc_gates.json,sac_alpha_bp20,47,q_proj,32,11,0.34375,-0.030192344114766456
outputs/supplement_20260525/qwen35_27b/gates/sac_alpha_bp20/cssc_gates.json,sac_alpha_bp20,47,v_proj,32,7,0.21875,0.01972640167514328
outputs/supplement_20260525/qwen35_27b/gates/sac_alpha_bp20/cssc_gates.json,sac_alpha_bp20,51,o_proj,32,11,0.34375,-0.0308766264206497
outputs/supplement_20260525/qwen35_27b/gates/sac_alpha_bp20/cssc_gates.json,sac_alpha_bp20,51,q_proj,32,6,0.1875,0.02453783157397993
outputs/supplement_20260525/qwen35_27b/gates/sac_alpha_bp20/cssc_gates.json,sac_alpha_bp20,51,v_proj,32,6,0.1875,-0.013909595407312736
outputs/supplement_20260525/qwen35_27b/gates/sac_alpha_bp20/cssc_gates.json,sac_alpha_bp20,55,o_proj,32,8,0.25,-0.005105503194499761
outputs/supplement_20260525/qwen35_27b/gates/sac_alpha_bp20/cssc_gates.json,sac_alpha_bp20,55,q_proj,32,2,0.0625,0.00574552352190949
outputs/supplement_20260525/qwen35_27b/gates/sac_alpha_bp20/cssc_gates.json,sac_alpha_bp20,55,v_proj,32,2,0.0625,0.003033937362488359
outputs/supplement_20260525/qwen35_27b/gates/sac_alpha_bp20/cssc_gates.json,sac_alpha_bp20,59,o_proj,32,7,0.21875,0.0006909176881890744
outputs/supplement_20260525/qwen35_27b/gates/sac_alpha_bp20/cssc_gates.json,sac_alpha_bp20,59,q_proj,32,2,0.0625,0.016108048264868557
outputs/supplement_20260525/qwen35_27b/gates/sac_alpha_bp20/cssc_gates.json,sac_alpha_bp20,59,v_proj,32,1,0.03125,0.004814603027625708
outputs/supplement_20260525/qwen35_27b/gates/sac_alpha_bp20/cssc_gates.json,sac_alpha_bp20,63,o_proj,32,7,0.21875,0.0024059031275101006
outputs/supplement_20260525/qwen35_27b/gates/sac_alpha_bp20/cssc_gates.json,sac_alpha_bp20,63,q_proj,32,5,0.15625,0.006981007292779395
outputs/supplement_20260525/qwen35_27b/gates/sac_alpha_bp20/cssc_gates.json,sac_alpha_bp20,63,v_proj,32,7,0.21875,0.00570892782707233
outputs/supplement_20260525/qwen35_27b/gates/sac_alpha_bp40/cssc_gates.json,sac_alpha_bp40,43,o_proj,32,13,0.40625,-0.006718581971654203
outputs/supplement_20260525/qwen35_27b/gates/sac_alpha_bp40/cssc_gates.json,sac_alpha_bp40,43,q_proj,32,15,0.46875,0.009418799658305943
outputs/supplement_20260525/qwen35_27b/gates/sac_alpha_bp40/cssc_gates.json,sac_alpha_bp40,43,v_proj,32,16,0.5,-0.006007946329191327
outputs/supplement_20260525/qwen35_27b/gates/sac_alpha_bp40/cssc_gates.json,sac_alpha_bp40,47,o_proj,32,15,0.46875,-0.011142401519464329
outputs/supplement_20260525/qwen35_27b/gates/sac_alpha_bp40/cssc_gates.json,sac_alpha_bp40,47,q_proj,32,16,0.5,-0.030192344114766456
outputs/supplement_20260525/qwen35_27b/gates/sac_alpha_bp40/cssc_gates.json,sac_alpha_bp40,47,v_proj,32,10,0.3125,0.01972640167514328
outputs/supplement_20260525/qwen35_27b/gates/sac_alpha_bp40/cssc_gates.json,sac_alpha_bp40,51,o_proj,32,17,0.53125,-0.0308766264206497
outputs/supplement_20260525/qwen35_27b/gates/sac_alpha_bp40/cssc_gates.json,sac_alpha_bp40,51,q_proj,32,11,0.34375,0.02453783157397993
outputs/supplement_20260525/qwen35_27b/gates/sac_alpha_bp40/cssc_gates.json,sac_alpha_bp40,51,v_proj,32,15,0.46875,-0.013909595407312736
outputs/supplement_20260525/qwen35_27b/gates/sac_alpha_bp40/cssc_gates.json,sac_alpha_bp40,55,o_proj,32,14,0.4375,-0.005105503194499761
outputs/supplement_20260525/qwen35_27b/gates/sac_alpha_bp40/cssc_gates.json,sac_alpha_bp40,55,q_proj,32,14,0.4375,0.00574552352190949
outputs/supplement_20260525/qwen35_27b/gates/sac_alpha_bp40/cssc_gates.json,sac_alpha_bp40,55,v_proj,32,13,0.40625,0.003033937362488359
outputs/supplement_20260525/qwen35_27b/gates/sac_alpha_bp40/cssc_gates.json,sac_alpha_bp40,59,o_proj,32,12,0.375,0.0006909176881890744
outputs/supplement_20260525/qwen35_27b/gates/sac_alpha_bp40/cssc_gates.json,sac_alpha_bp40,59,q_proj,32,10,0.3125,0.016108048264868557
outputs/supplement_20260525/qwen35_27b/gates/sac_alpha_bp40/cssc_gates.json,sac_alpha_bp40,59,v_proj,32,6,0.1875,0.004814603027625708
outputs/supplement_20260525/qwen35_27b/gates/sac_alpha_bp40/cssc_gates.json,sac_alpha_bp40,63,o_proj,32,13,0.40625,0.0024059031275101006
outputs/supplement_20260525/qwen35_27b/gates/sac_alpha_bp40/cssc_gates.json,sac_alpha_bp40,63,q_proj,32,11,0.34375,0.006981007292779395
outputs/supplement_20260525/qwen35_27b/gates/sac_alpha_bp40/cssc_gates.json,sac_alpha_bp40,63,v_proj,32,9,0.28125,0.00570892782707233
outputs/supplement_20260525/qwen35_27b/gates/sac_alpha_bp60/cssc_gates.json,sac_alpha_bp60,43,o_proj,32,19,0.59375,-0.006718581971654203
outputs/supplement_20260525/qwen35_27b/gates/sac_alpha_bp60/cssc_gates.json,sac_alpha_bp60,43,q_proj,32,17,0.53125,0.009418799658305943
outputs/supplement_20260525/qwen35_27b/gates/sac_alpha_bp60/cssc_gates.json,sac_alpha_bp60,43,v_proj,32,18,0.5625,-0.006007946329191327
outputs/supplement_20260525/qwen35_27b/gates/sac_alpha_bp60/cssc_gates.json,sac_alpha_bp60,47,o_proj,32,18,0.5625,-0.011142401519464329
outputs/supplement_20260525/qwen35_27b/gates/sac_alpha_bp60/cssc_gates.json,sac_alpha_bp60,47,q_proj,32,21,0.65625,-0.030192344114766456
outputs/supplement_20260525/qwen35_27b/gates/sac_alpha_bp60/cssc_gates.json,sac_alpha_bp60,47,v_proj,32,16,0.5,0.01972640167514328
outputs/supplement_20260525/qwen35_27b/gates/sac_alpha_bp60/cssc_gates.json,sac_alpha_bp60,51,o_proj,32,22,0.6875,-0.0308766264206497
outputs/supplement_20260525/qwen35_27b/gates/sac_alpha_bp60/cssc_gates.json,sac_alpha_bp60,51,q_proj,32,14,0.4375,0.02453783157397993
outputs/supplement_20260525/qwen35_27b/gates/sac_alpha_bp60/cssc_gates.json,sac_alpha_bp60,51,v_proj,32,24,0.75,-0.013909595407312736
outputs/supplement_20260525/qwen35_27b/gates/sac_alpha_bp60/cssc_gates.json,sac_alpha_bp60,55,o_proj,32,19,0.59375,-0.005105503194499761
outputs/supplement_20260525/qwen35_27b/gates/sac_alpha_bp60/cssc_gates.json,sac_alpha_bp60,55,q_proj,32,21,0.65625,0.00574552352190949
outputs/supplement_20260525/qwen35_27b/gates/sac_alpha_bp60/cssc_gates.json,sac_alpha_bp60,55,v_proj,32,20,0.625,0.003033937362488359
outputs/supplement_20260525/qwen35_27b/gates/sac_alpha_bp60/cssc_gates.json,sac_alpha_bp60,59,o_proj,32,20,0.625,0.0006909176881890744
outputs/supplement_20260525/qwen35_27b/gates/sac_alpha_bp60/cssc_gates.json,sac_alpha_bp60,59,q_proj,32,17,0.53125,0.016108048264868557
outputs/supplement_20260525/qwen35_27b/gates/sac_alpha_bp60/cssc_gates.json,sac_alpha_bp60,59,v_proj,32,25,0.78125,0.004814603027625708
outputs/supplement_20260525/qwen35_27b/gates/sac_alpha_bp60/cssc_gates.json,sac_alpha_bp60,63,o_proj,32,18,0.5625,0.0024059031275101006
outputs/supplement_20260525/qwen35_27b/gates/sac_alpha_bp60/cssc_gates.json,sac_alpha_bp60,63,q_proj,32,19,0.59375,0.006981007292779395
outputs/supplement_20260525/qwen35_27b/gates/sac_alpha_bp60/cssc_gates.json,sac_alpha_bp60,63,v_proj,32,18,0.5625,0.00570892782707233
outputs/supplement_20260525/qwen35_27b/gates/sac_alpha_bp70/cssc_gates.json,sac_alpha_bp70,43,o_proj,32,21,0.65625,-0.006718581971654203
outputs/supplement_20260525/qwen35_27b/gates/sac_alpha_bp70/cssc_gates.json,sac_alpha_bp70,43,q_proj,32,18,0.5625,0.009418799658305943
outputs/supplement_20260525/qwen35_27b/gates/sac_alpha_bp70/cssc_gates.json,sac_alpha_bp70,43,v_proj,32,21,0.65625,-0.006007946329191327
outputs/supplement_20260525/qwen35_27b/gates/sac_alpha_bp70/cssc_gates.json,sac_alpha_bp70,47,o_proj,32,22,0.6875,-0.011142401519464329
outputs/supplement_20260525/qwen35_27b/gates/sac_alpha_bp70/cssc_gates.json,sac_alpha_bp70,47,q_proj,32,26,0.8125,-0.030192344114766456
outputs/supplement_20260525/qwen35_27b/gates/sac_alpha_bp70/cssc_gates.json,sac_alpha_bp70,47,v_proj,32,21,0.65625,0.01972640167514328
outputs/supplement_20260525/qwen35_27b/gates/sac_alpha_bp70/cssc_gates.json,sac_alpha_bp70,51,o_proj,32,22,0.6875,-0.0308766264206497
outputs/supplement_20260525/qwen35_27b/gates/sac_alpha_bp70/cssc_gates.json,sac_alpha_bp70,51,q_proj,32,20,0.625,0.02453783157397993
outputs/supplement_20260525/qwen35_27b/gates/sac_alpha_bp70/cssc_gates.json,sac_alpha_bp70,51,v_proj,32,26,0.8125,-0.013909595407312736
outputs/supplement_20260525/qwen35_27b/gates/sac_alpha_bp70/cssc_gates.json,sac_alpha_bp70,55,o_proj,32,23,0.71875,-0.005105503194499761
outputs/supplement_20260525/qwen35_27b/gates/sac_alpha_bp70/cssc_gates.json,sac_alpha_bp70,55,q_proj,32,21,0.65625,0.00574552352190949
outputs/supplement_20260525/qwen35_27b/gates/sac_alpha_bp70/cssc_gates.json,sac_alpha_bp70,55,v_proj,32,25,0.78125,0.003033937362488359
outputs/supplement_20260525/qwen35_27b/gates/sac_alpha_bp70/cssc_gates.json,sac_alpha_bp70,59,o_proj,32,22,0.6875,0.0006909176881890744
outputs/supplement_20260525/qwen35_27b/gates/sac_alpha_bp70/cssc_gates.json,sac_alpha_bp70,59,q_proj,32,20,0.625,0.016108048264868557
outputs/supplement_20260525/qwen35_27b/gates/sac_alpha_bp70/cssc_gates.json,sac_alpha_bp70,59,v_proj,32,28,0.875,0.004814603027625708
outputs/supplement_20260525/qwen35_27b/gates/sac_alpha_bp70/cssc_gates.json,sac_alpha_bp70,63,o_proj,32,22,0.6875,0.0024059031275101006
outputs/supplement_20260525/qwen35_27b/gates/sac_alpha_bp70/cssc_gates.json,sac_alpha_bp70,63,q_proj,32,22,0.6875,0.006981007292779395
outputs/supplement_20260525/qwen35_27b/gates/sac_alpha_bp70/cssc_gates.json,sac_alpha_bp70,63,v_proj,32,23,0.71875,0.00570892782707233
outputs/supplement_20260525/qwen35_27b/gates/sac_alpha_bp80/cssc_gates.json,sac_alpha_bp80,43,o_proj,32,22,0.6875,-0.006718581971654203
outputs/supplement_20260525/qwen35_27b/gates/sac_alpha_bp80/cssc_gates.json,sac_alpha_bp80,43,q_proj,32,24,0.75,0.009418799658305943
outputs/supplement_20260525/qwen35_27b/gates/sac_alpha_bp80/cssc_gates.json,sac_alpha_bp80,43,v_proj,32,27,0.84375,-0.006007946329191327
outputs/supplement_20260525/qwen35_27b/gates/sac_alpha_bp80/cssc_gates.json,sac_alpha_bp80,47,o_proj,32,26,0.8125,-0.011142401519464329
outputs/supplement_20260525/qwen35_27b/gates/sac_alpha_bp80/cssc_gates.json,sac_alpha_bp80,47,q_proj,32,30,0.9375,-0.030192344114766456
outputs/supplement_20260525/qwen35_27b/gates/sac_alpha_bp80/cssc_gates.json,sac_alpha_bp80,47,v_proj,32,23,0.71875,0.01972640167514328
outputs/supplement_20260525/qwen35_27b/gates/sac_alpha_bp80/cssc_gates.json,sac_alpha_bp80,51,o_proj,32,25,0.78125,-0.0308766264206497
outputs/supplement_20260525/qwen35_27b/gates/sac_alpha_bp80/cssc_gates.json,sac_alpha_bp80,51,q_proj,32,23,0.71875,0.02453783157397993
outputs/supplement_20260525/qwen35_27b/gates/sac_alpha_bp80/cssc_gates.json,sac_alpha_bp80,51,v_proj,32,27,0.84375,-0.013909595407312736
outputs/supplement_20260525/qwen35_27b/gates/sac_alpha_bp80/cssc_gates.json,sac_alpha_bp80,55,o_proj,32,26,0.8125,-0.005105503194499761
outputs/supplement_20260525/qwen35_27b/gates/sac_alpha_bp80/cssc_gates.json,sac_alpha_bp80,55,q_proj,32,24,0.75,0.00574552352190949
outputs/supplement_20260525/qwen35_27b/gates/sac_alpha_bp80/cssc_gates.json,sac_alpha_bp80,55,v_proj,32,28,0.875,0.003033937362488359
outputs/supplement_20260525/qwen35_27b/gates/sac_alpha_bp80/cssc_gates.json,sac_alpha_bp80,59,o_proj,32,25,0.78125,0.0006909176881890744
outputs/supplement_20260525/qwen35_27b/gates/sac_alpha_bp80/cssc_gates.json,sac_alpha_bp80,59,q_proj,32,26,0.8125,0.016108048264868557
outputs/supplement_20260525/qwen35_27b/gates/sac_alpha_bp80/cssc_gates.json,sac_alpha_bp80,59,v_proj,32,29,0.90625,0.004814603027625708
outputs/supplement_20260525/qwen35_27b/gates/sac_alpha_bp80/cssc_gates.json,sac_alpha_bp80,63,o_proj,32,23,0.71875,0.0024059031275101006
outputs/supplement_20260525/qwen35_27b/gates/sac_alpha_bp80/cssc_gates.json,sac_alpha_bp80,63,q_proj,32,24,0.75,0.006981007292779395
outputs/supplement_20260525/qwen35_27b/gates/sac_alpha_bp80/cssc_gates.json,sac_alpha_bp80,63,v_proj,32,29,0.90625,0.00570892782707233
outputs/supplement_20260525/qwen35_27b/gates/sac_alpha_bp90/cssc_gates.json,sac_alpha_bp90,43,o_proj,32,29,0.90625,-0.006718581971654203
outputs/supplement_20260525/qwen35_27b/gates/sac_alpha_bp90/cssc_gates.json,sac_alpha_bp90,43,q_proj,32,27,0.84375,0.009418799658305943
outputs/supplement_20260525/qwen35_27b/gates/sac_alpha_bp90/cssc_gates.json,sac_alpha_bp90,43,v_proj,32,30,0.9375,-0.006007946329191327
outputs/supplement_20260525/qwen35_27b/gates/sac_alpha_bp90/cssc_gates.json,sac_alpha_bp90,47,o_proj,32,28,0.875,-0.011142401519464329
outputs/supplement_20260525/qwen35_27b/gates/sac_alpha_bp90/cssc_gates.json,sac_alpha_bp90,47,q_proj,32,32,1.0,-0.030192344114766456
outputs/supplement_20260525/qwen35_27b/gates/sac_alpha_bp90/cssc_gates.json,sac_alpha_bp90,47,v_proj,32,26,0.8125,0.01972640167514328
outputs/supplement_20260525/qwen35_27b/gates/sac_alpha_bp90/cssc_gates.json,sac_alpha_bp90,51,o_proj,32,26,0.8125,-0.0308766264206497
outputs/supplement_20260525/qwen35_27b/gates/sac_alpha_bp90/cssc_gates.json,sac_alpha_bp90,51,q_proj,32,30,0.9375,0.02453783157397993
outputs/supplement_20260525/qwen35_27b/gates/sac_alpha_bp90/cssc_gates.json,sac_alpha_bp90,51,v_proj,32,29,0.90625,-0.013909595407312736
outputs/supplement_20260525/qwen35_27b/gates/sac_alpha_bp90/cssc_gates.json,sac_alpha_bp90,55,o_proj,32,29,0.90625,-0.005105503194499761
outputs/supplement_20260525/qwen35_27b/gates/sac_alpha_bp90/cssc_gates.json,sac_alpha_bp90,55,q_proj,32,30,0.9375,0.00574552352190949
outputs/supplement_20260525/qwen35_27b/gates/sac_alpha_bp90/cssc_gates.json,sac_alpha_bp90,55,v_proj,32,29,0.90625,0.003033937362488359
outputs/supplement_20260525/qwen35_27b/gates/sac_alpha_bp90/cssc_gates.json,sac_alpha_bp90,59,o_proj,32,30,0.9375,0.0006909176881890744
outputs/supplement_20260525/qwen35_27b/gates/sac_alpha_bp90/cssc_gates.json,sac_alpha_bp90,59,q_proj,32,31,0.96875,0.016108048264868557
outputs/supplement_20260525/qwen35_27b/gates/sac_alpha_bp90/cssc_gates.json,sac_alpha_bp90,59,v_proj,32,29,0.90625,0.004814603027625708
outputs/supplement_20260525/qwen35_27b/gates/sac_alpha_bp90/cssc_gates.json,sac_alpha_bp90,63,o_proj,32,26,0.8125,0.0024059031275101006
outputs/supplement_20260525/qwen35_27b/gates/sac_alpha_bp90/cssc_gates.json,sac_alpha_bp90,63,q_proj,32,27,0.84375,0.006981007292779395
outputs/supplement_20260525/qwen35_27b/gates/sac_alpha_bp90/cssc_gates.json,sac_alpha_bp90,63,v_proj,32,30,0.9375,0.00570892782707233
outputs/supplement_20260525/qwen35_27b/gates/score_th_h_bp80/cssc_gates.json,score_th_h_bp80,43,o_proj,32,26,0.8125,0.00040130975968111215
outputs/supplement_20260525/qwen35_27b/gates/score_th_h_bp80/cssc_gates.json,score_th_h_bp80,43,q_proj,32,26,0.8125,0.00034784120694197895
outputs/supplement_20260525/qwen35_27b/gates/score_th_h_bp80/cssc_gates.json,score_th_h_bp80,43,v_proj,32,25,0.78125,-0.00021149832630129595
outputs/supplement_20260525/qwen35_27b/gates/score_th_h_bp80/cssc_gates.json,score_th_h_bp80,47,o_proj,32,24,0.75,-0.0024931363135802798
outputs/supplement_20260525/qwen35_27b/gates/score_th_h_bp80/cssc_gates.json,score_th_h_bp80,47,q_proj,32,26,0.8125,-0.0003814708642742026
outputs/supplement_20260525/qwen35_27b/gates/score_th_h_bp80/cssc_gates.json,score_th_h_bp80,47,v_proj,32,26,0.8125,-0.0004388615564998588
outputs/supplement_20260525/qwen35_27b/gates/score_th_h_bp80/cssc_gates.json,score_th_h_bp80,51,o_proj,32,28,0.875,0.00010149537119019669
outputs/supplement_20260525/qwen35_27b/gates/score_th_h_bp80/cssc_gates.json,score_th_h_bp80,51,q_proj,32,24,0.75,-1.908252074400707e-05
outputs/supplement_20260525/qwen35_27b/gates/score_th_h_bp80/cssc_gates.json,score_th_h_bp80,51,v_proj,32,25,0.78125,-0.0001706759683988146
outputs/supplement_20260525/qwen35_27b/gates/score_th_h_bp80/cssc_gates.json,score_th_h_bp80,55,o_proj,32,27,0.84375,-0.0001828465911675181
outputs/supplement_20260525/qwen35_27b/gates/score_th_h_bp80/cssc_gates.json,score_th_h_bp80,55,q_proj,32,27,0.84375,-0.0002455185921492742
outputs/supplement_20260525/qwen35_27b/gates/score_th_h_bp80/cssc_gates.json,score_th_h_bp80,55,v_proj,32,29,0.90625,-8.059700827445226e-05
outputs/supplement_20260525/qwen35_27b/gates/score_th_h_bp80/cssc_gates.json,score_th_h_bp80,59,o_proj,32,25,0.78125,-9.304382739117045e-05
outputs/supplement_20260525/qwen35_27b/gates/score_th_h_bp80/cssc_gates.json,score_th_h_bp80,59,q_proj,32,21,0.65625,-0.00022957195945849662
outputs/supplement_20260525/qwen35_27b/gates/score_th_h_bp80/cssc_gates.json,score_th_h_bp80,59,v_proj,32,30,0.9375,-4.0771828118346676e-05
outputs/supplement_20260525/qwen35_27b/gates/score_th_h_bp80/cssc_gates.json,score_th_h_bp80,63,o_proj,32,27,0.84375,-7.748557122422284e-05
outputs/supplement_20260525/qwen35_27b/gates/score_th_h_bp80/cssc_gates.json,score_th_h_bp80,63,q_proj,32,18,0.5625,-0.0001933052049669648
outputs/supplement_20260525/qwen35_27b/gates/score_th_h_bp80/cssc_gates.json,score_th_h_bp80,63,v_proj,32,27,0.84375,-0.0001614104601004307
outputs/supplement_20260525/qwen35_27b/gates/score_th_h_tb_b_bp80/cssc_gates.json,score_th_h_tb_b_bp80,43,o_proj,32,26,0.8125,0.00034986324737484864
outputs/supplement_20260525/qwen35_27b/gates/score_th_h_tb_b_bp80/cssc_gates.json,score_th_h_tb_b_bp80,43,q_proj,32,25,0.78125,0.0003091535145776092
outputs/supplement_20260525/qwen35_27b/gates/score_th_h_tb_b_bp80/cssc_gates.json,score_th_h_tb_b_bp80,43,v_proj,32,25,0.78125,-0.0002195988692072215
outputs/supplement_20260525/qwen35_27b/gates/score_th_h_tb_b_bp80/cssc_gates.json,score_th_h_tb_b_bp80,47,o_proj,32,24,0.75,-0.0026200472123174556
outputs/supplement_20260525/qwen35_27b/gates/score_th_h_tb_b_bp80/cssc_gates.json,score_th_h_tb_b_bp80,47,q_proj,32,26,0.8125,-0.00041952335671513463
outputs/supplement_20260525/qwen35_27b/gates/score_th_h_tb_b_bp80/cssc_gates.json,score_th_h_tb_b_bp80,47,v_proj,32,26,0.8125,-0.0004699356193469395
outputs/supplement_20260525/qwen35_27b/gates/score_th_h_tb_b_bp80/cssc_gates.json,score_th_h_tb_b_bp80,51,o_proj,32,28,0.875,7.366272271053242e-05
outputs/supplement_20260525/qwen35_27b/gates/score_th_h_tb_b_bp80/cssc_gates.json,score_th_h_tb_b_bp80,51,q_proj,32,24,0.75,-4.4006933275220206e-05
outputs/supplement_20260525/qwen35_27b/gates/score_th_h_tb_b_bp80/cssc_gates.json,score_th_h_tb_b_bp80,51,v_proj,32,25,0.78125,-0.00018243898161723893
outputs/supplement_20260525/qwen35_27b/gates/score_th_h_tb_b_bp80/cssc_gates.json,score_th_h_tb_b_bp80,55,o_proj,32,27,0.84375,-0.0001983904610529299
outputs/supplement_20260525/qwen35_27b/gates/score_th_h_tb_b_bp80/cssc_gates.json,score_th_h_tb_b_bp80,55,q_proj,32,27,0.84375,-0.000266480816981704
outputs/supplement_20260525/qwen35_27b/gates/score_th_h_tb_b_bp80/cssc_gates.json,score_th_h_tb_b_bp80,55,v_proj,32,29,0.90625,-8.638209181410783e-05
outputs/supplement_20260525/qwen35_27b/gates/score_th_h_tb_b_bp80/cssc_gates.json,score_th_h_tb_b_bp80,59,o_proj,32,25,0.78125,-0.00011001824338241484
outputs/supplement_20260525/qwen35_27b/gates/score_th_h_tb_b_bp80/cssc_gates.json,score_th_h_tb_b_bp80,59,q_proj,32,20,0.625,-0.00024941677849238397
outputs/supplement_20260525/qwen35_27b/gates/score_th_h_tb_b_bp80/cssc_gates.json,score_th_h_tb_b_bp80,59,v_proj,32,30,0.9375,-5.65459418949768e-05
outputs/supplement_20260525/qwen35_27b/gates/score_th_h_tb_b_bp80/cssc_gates.json,score_th_h_tb_b_bp80,63,o_proj,32,27,0.84375,-9.472740462714013e-05
outputs/supplement_20260525/qwen35_27b/gates/score_th_h_tb_b_bp80/cssc_gates.json,score_th_h_tb_b_bp80,63,q_proj,32,20,0.625,-0.0002178478823939567
outputs/supplement_20260525/qwen35_27b/gates/score_th_h_tb_b_bp80/cssc_gates.json,score_th_h_tb_b_bp80,63,v_proj,32,27,0.84375,-0.00016485791261749982
outputs/supplement_20260525/qwen35_27b/gates/score_th_h_tb_bp80/cssc_gates.json,score_th_h_tb_bp80,43,o_proj,32,27,0.84375,0.0003815408778220508
outputs/supplement_20260525/qwen35_27b/gates/score_th_h_tb_bp80/cssc_gates.json,score_th_h_tb_bp80,43,q_proj,32,25,0.78125,0.0003286519101193264
outputs/supplement_20260525/qwen35_27b/gates/score_th_h_tb_bp80/cssc_gates.json,score_th_h_tb_bp80,43,v_proj,32,25,0.78125,-0.00021545647375531551
outputs/supplement_20260525/qwen35_27b/gates/score_th_h_tb_bp80/cssc_gates.json,score_th_h_tb_bp80,47,o_proj,32,24,0.75,-0.002526779816157676
outputs/supplement_20260525/qwen35_27b/gates/score_th_h_tb_bp80/cssc_gates.json,score_th_h_tb_bp80,47,q_proj,32,26,0.8125,-0.00039603899979379076
outputs/supplement_20260525/qwen35_27b/gates/score_th_h_tb_bp80/cssc_gates.json,score_th_h_tb_bp80,47,v_proj,32,26,0.8125,-0.00044897221170114854
outputs/supplement_20260525/qwen35_27b/gates/score_th_h_tb_bp80/cssc_gates.json,score_th_h_tb_bp80,51,o_proj,32,28,0.875,8.84125958398041e-05
outputs/supplement_20260525/qwen35_27b/gates/score_th_h_tb_bp80/cssc_gates.json,score_th_h_tb_bp80,51,q_proj,32,24,0.75,-3.187495820444752e-05
outputs/supplement_20260525/qwen35_27b/gates/score_th_h_tb_bp80/cssc_gates.json,score_th_h_tb_bp80,51,v_proj,32,25,0.78125,-0.0001729079069808237
outputs/supplement_20260525/qwen35_27b/gates/score_th_h_tb_bp80/cssc_gates.json,score_th_h_tb_bp80,55,o_proj,32,27,0.84375,-0.00018836496922510458
outputs/supplement_20260525/qwen35_27b/gates/score_th_h_tb_bp80/cssc_gates.json,score_th_h_tb_bp80,55,q_proj,32,26,0.8125,-0.0002512435288229281
outputs/supplement_20260525/qwen35_27b/gates/score_th_h_tb_bp80/cssc_gates.json,score_th_h_tb_bp80,55,v_proj,32,29,0.90625,-8.193615724427783e-05
outputs/supplement_20260525/qwen35_27b/gates/score_th_h_tb_bp80/cssc_gates.json,score_th_h_tb_bp80,59,o_proj,32,25,0.78125,-0.00010261361333396835
outputs/supplement_20260525/qwen35_27b/gates/score_th_h_tb_bp80/cssc_gates.json,score_th_h_tb_bp80,59,q_proj,32,21,0.65625,-0.00023645570309610564
outputs/supplement_20260525/qwen35_27b/gates/score_th_h_tb_bp80/cssc_gates.json,score_th_h_tb_bp80,59,v_proj,32,30,0.9375,-4.68467160669242e-05
outputs/supplement_20260525/qwen35_27b/gates/score_th_h_tb_bp80/cssc_gates.json,score_th_h_tb_bp80,63,o_proj,32,27,0.84375,-8.375970256503662e-05
outputs/supplement_20260525/qwen35_27b/gates/score_th_h_tb_bp80/cssc_gates.json,score_th_h_tb_bp80,63,q_proj,32,19,0.59375,-0.00020161823585748695
outputs/supplement_20260525/qwen35_27b/gates/score_th_h_tb_bp80/cssc_gates.json,score_th_h_tb_bp80,63,v_proj,32,27,0.84375,-0.0001625885035159147
outputs/supplement_20260525/qwen35_27b/gates/score_th_only_bp80/cssc_gates.json,score_th_only_bp80,43,o_proj,32,30,0.9375,0.0012094612341542188
outputs/supplement_20260525/qwen35_27b/gates/score_th_only_bp80/cssc_gates.json,score_th_only_bp80,43,q_proj,32,31,0.96875,0.0010663341784535874
outputs/supplement_20260525/qwen35_27b/gates/score_th_only_bp80/cssc_gates.json,score_th_only_bp80,43,v_proj,32,30,0.9375,0.0004313103684623343
outputs/supplement_20260525/qwen35_27b/gates/score_th_only_bp80/cssc_gates.json,score_th_only_bp80,47,o_proj,32,28,0.875,0.0005512225951349592
outputs/supplement_20260525/qwen35_27b/gates/score_th_only_bp80/cssc_gates.json,score_th_only_bp80,47,q_proj,32,29,0.90625,0.0003687145450328444
outputs/supplement_20260525/qwen35_27b/gates/score_th_only_bp80/cssc_gates.json,score_th_only_bp80,47,v_proj,32,25,0.78125,0.00012642985126021244
outputs/supplement_20260525/qwen35_27b/gates/score_th_only_bp80/cssc_gates.json,score_th_only_bp80,51,o_proj,32,29,0.90625,0.00027422937193222197
outputs/supplement_20260525/qwen35_27b/gates/score_th_only_bp80/cssc_gates.json,score_th_only_bp80,51,q_proj,32,30,0.9375,0.0002592244978742997
outputs/supplement_20260525/qwen35_27b/gates/score_th_only_bp80/cssc_gates.json,score_th_only_bp80,51,v_proj,32,22,0.6875,9.85573122198602e-05
outputs/supplement_20260525/qwen35_27b/gates/score_th_only_bp80/cssc_gates.json,score_th_only_bp80,55,o_proj,32,24,0.75,8.187171866858023e-05
outputs/supplement_20260525/qwen35_27b/gates/score_th_only_bp80/cssc_gates.json,score_th_only_bp80,55,q_proj,32,26,0.8125,9.989846688540638e-05
outputs/supplement_20260525/qwen35_27b/gates/score_th_only_bp80/cssc_gates.json,score_th_only_bp80,55,v_proj,32,22,0.6875,2.9604634768531923e-05
outputs/supplement_20260525/qwen35_27b/gates/score_th_only_bp80/cssc_gates.json,score_th_only_bp80,59,o_proj,32,28,0.875,0.0002676810414641295
outputs/supplement_20260525/qwen35_27b/gates/score_th_only_bp80/cssc_gates.json,score_th_only_bp80,59,q_proj,32,29,0.90625,0.00028556238776644705
outputs/supplement_20260525/qwen35_27b/gates/score_th_only_bp80/cssc_gates.json,score_th_only_bp80,59,v_proj,32,17,0.53125,9.979051981368059e-05
outputs/supplement_20260525/qwen35_27b/gates/score_th_only_bp80/cssc_gates.json,score_th_only_bp80,63,o_proj,32,22,0.6875,0.00029086922642740376
outputs/supplement_20260525/qwen35_27b/gates/score_th_only_bp80/cssc_gates.json,score_th_only_bp80,63,q_proj,32,19,0.59375,0.00018284609437069221
outputs/supplement_20260525/qwen35_27b/gates/score_th_only_bp80/cssc_gates.json,score_th_only_bp80,63,v_proj,32,20,0.625,0.00011030407613921156
outputs/supplement_20260525/qwen35_27b/gates/select1000_seed42_bp80/cssc_gates.json,select1000_seed42_bp80,43,o_proj,32,24,0.75,1.7547293454408646
outputs/supplement_20260525/qwen35_27b/gates/select1000_seed42_bp80/cssc_gates.json,select1000_seed42_bp80,43,q_proj,32,21,0.65625,1.809982966631651
outputs/supplement_20260525/qwen35_27b/gates/select1000_seed42_bp80/cssc_gates.json,select1000_seed42_bp80,43,v_proj,32,24,0.75,1.736278623342514
outputs/supplement_20260525/qwen35_27b/gates/select1000_seed42_bp80/cssc_gates.json,select1000_seed42_bp80,47,o_proj,32,28,0.875,1.7361070699989796
outputs/supplement_20260525/qwen35_27b/gates/select1000_seed42_bp80/cssc_gates.json,select1000_seed42_bp80,47,q_proj,32,26,0.8125,1.7203270755708218
outputs/supplement_20260525/qwen35_27b/gates/select1000_seed42_bp80/cssc_gates.json,select1000_seed42_bp80,47,v_proj,32,25,0.78125,1.7487720102071762
outputs/supplement_20260525/qwen35_27b/gates/select1000_seed42_bp80/cssc_gates.json,select1000_seed42_bp80,51,o_proj,32,28,0.875,1.749305084347725
outputs/supplement_20260525/qwen35_27b/gates/select1000_seed42_bp80/cssc_gates.json,select1000_seed42_bp80,51,q_proj,32,20,0.625,1.794075921177864
outputs/supplement_20260525/qwen35_27b/gates/select1000_seed42_bp80/cssc_gates.json,select1000_seed42_bp80,51,v_proj,32,26,0.8125,1.652670245617628
outputs/supplement_20260525/qwen35_27b/gates/select1000_seed42_bp80/cssc_gates.json,select1000_seed42_bp80,55,o_proj,32,28,0.875,1.7330623604357243
outputs/supplement_20260525/qwen35_27b/gates/select1000_seed42_bp80/cssc_gates.json,select1000_seed42_bp80,55,q_proj,32,22,0.6875,1.732082612812519
outputs/supplement_20260525/qwen35_27b/gates/select1000_seed42_bp80/cssc_gates.json,select1000_seed42_bp80,55,v_proj,32,28,0.875,1.6036674119532108
outputs/supplement_20260525/qwen35_27b/gates/select1000_seed42_bp80/cssc_gates.json,select1000_seed42_bp80,59,o_proj,32,29,0.90625,1.7371295057237148
outputs/supplement_20260525/qwen35_27b/gates/select1000_seed42_bp80/cssc_gates.json,select1000_seed42_bp80,59,q_proj,32,24,0.75,1.7394467741250992
outputs/supplement_20260525/qwen35_27b/gates/select1000_seed42_bp80/cssc_gates.json,select1000_seed42_bp80,59,v_proj,32,29,0.90625,1.598100770264864
outputs/supplement_20260525/qwen35_27b/gates/select1000_seed42_bp80/cssc_gates.json,select1000_seed42_bp80,63,o_proj,32,26,0.8125,1.706907320767641
outputs/supplement_20260525/qwen35_27b/gates/select1000_seed42_bp80/cssc_gates.json,select1000_seed42_bp80,63,q_proj,32,26,0.8125,1.739778470247984
outputs/supplement_20260525/qwen35_27b/gates/select1000_seed42_bp80/cssc_gates.json,select1000_seed42_bp80,63,v_proj,32,27,0.84375,1.658472467213869
outputs/supplement_20260525/qwen35_27b/gates/select1000_seed44_bp80/cssc_gates.json,select1000_seed44_bp80,43,o_proj,32,22,0.6875,1.748067695647478
outputs/supplement_20260525/qwen35_27b/gates/select1000_seed44_bp80/cssc_gates.json,select1000_seed44_bp80,43,q_proj,32,21,0.65625,1.8040700405836105
outputs/supplement_20260525/qwen35_27b/gates/select1000_seed44_bp80/cssc_gates.json,select1000_seed44_bp80,43,v_proj,32,23,0.71875,1.7329847738146782
outputs/supplement_20260525/qwen35_27b/gates/select1000_seed44_bp80/cssc_gates.json,select1000_seed44_bp80,47,o_proj,32,28,0.875,1.725852306932211
outputs/supplement_20260525/qwen35_27b/gates/select1000_seed44_bp80/cssc_gates.json,select1000_seed44_bp80,47,q_proj,32,26,0.8125,1.7126574255526066
outputs/supplement_20260525/qwen35_27b/gates/select1000_seed44_bp80/cssc_gates.json,select1000_seed44_bp80,47,v_proj,32,26,0.8125,1.7385777719318867
outputs/supplement_20260525/qwen35_27b/gates/select1000_seed44_bp80/cssc_gates.json,select1000_seed44_bp80,51,o_proj,32,28,0.875,1.7597371526062489
outputs/supplement_20260525/qwen35_27b/gates/select1000_seed44_bp80/cssc_gates.json,select1000_seed44_bp80,51,q_proj,32,21,0.65625,1.7967037744820118
outputs/supplement_20260525/qwen35_27b/gates/select1000_seed44_bp80/cssc_gates.json,select1000_seed44_bp80,51,v_proj,32,25,0.78125,1.641210500150919
outputs/supplement_20260525/qwen35_27b/gates/select1000_seed44_bp80/cssc_gates.json,select1000_seed44_bp80,55,o_proj,32,28,0.875,1.7347382828593254
outputs/supplement_20260525/qwen35_27b/gates/select1000_seed44_bp80/cssc_gates.json,select1000_seed44_bp80,55,q_proj,32,24,0.75,1.725495807826519
outputs/supplement_20260525/qwen35_27b/gates/select1000_seed44_bp80/cssc_gates.json,select1000_seed44_bp80,55,v_proj,32,28,0.875,1.6112374067306519
outputs/supplement_20260525/qwen35_27b/gates/select1000_seed44_bp80/cssc_gates.json,select1000_seed44_bp80,59,o_proj,32,30,0.9375,1.7259620651602745
outputs/supplement_20260525/qwen35_27b/gates/select1000_seed44_bp80/cssc_gates.json,select1000_seed44_bp80,59,q_proj,32,24,0.75,1.729774609208107
outputs/supplement_20260525/qwen35_27b/gates/select1000_seed44_bp80/cssc_gates.json,select1000_seed44_bp80,59,v_proj,32,28,0.875,1.6022087521851063
outputs/supplement_20260525/qwen35_27b/gates/select1000_seed44_bp80/cssc_gates.json,select1000_seed44_bp80,63,o_proj,32,26,0.8125,1.6949404887855053
outputs/supplement_20260525/qwen35_27b/gates/select1000_seed44_bp80/cssc_gates.json,select1000_seed44_bp80,63,q_proj,32,26,0.8125,1.7390070706605911
outputs/supplement_20260525/qwen35_27b/gates/select1000_seed44_bp80/cssc_gates.json,select1000_seed44_bp80,63,v_proj,32,27,0.84375,1.649791233241558
outputs/supplement_20260525/qwen35_27b/gates/select100_seed42_bp80/cssc_gates.json,select100_seed42_bp80,43,o_proj,32,25,0.78125,1.7449005842208862
outputs/supplement_20260525/qwen35_27b/gates/select100_seed42_bp80/cssc_gates.json,select100_seed42_bp80,43,q_proj,32,21,0.65625,1.7825625650584698
outputs/supplement_20260525/qwen35_27b/gates/select100_seed42_bp80/cssc_gates.json,select100_seed42_bp80,43,v_proj,32,23,0.71875,1.7198743969202042
outputs/supplement_20260525/qwen35_27b/gates/select100_seed42_bp80/cssc_gates.json,select100_seed42_bp80,47,o_proj,32,28,0.875,1.7245413325726986
outputs/supplement_20260525/qwen35_27b/gates/select100_seed42_bp80/cssc_gates.json,select100_seed42_bp80,47,q_proj,32,25,0.78125,1.7081009484827518
outputs/supplement_20260525/qwen35_27b/gates/select100_seed42_bp80/cssc_gates.json,select100_seed42_bp80,47,v_proj,32,27,0.84375,1.7308238483965397
outputs/supplement_20260525/qwen35_27b/gates/select100_seed42_bp80/cssc_gates.json,select100_seed42_bp80,51,o_proj,32,28,0.875,1.7488955706357956
outputs/supplement_20260525/qwen35_27b/gates/select100_seed42_bp80/cssc_gates.json,select100_seed42_bp80,51,q_proj,32,21,0.65625,1.8025764226913452
outputs/supplement_20260525/qwen35_27b/gates/select100_seed42_bp80/cssc_gates.json,select100_seed42_bp80,51,v_proj,32,26,0.8125,1.6575425080955029
outputs/supplement_20260525/qwen35_27b/gates/select100_seed42_bp80/cssc_gates.json,select100_seed42_bp80,55,o_proj,32,28,0.875,1.7237456925213337
outputs/supplement_20260525/qwen35_27b/gates/select100_seed42_bp80/cssc_gates.json,select100_seed42_bp80,55,q_proj,32,22,0.6875,1.731144417077303
outputs/supplement_20260525/qwen35_27b/gates/select100_seed42_bp80/cssc_gates.json,select100_seed42_bp80,55,v_proj,32,28,0.875,1.6081670746207237
outputs/supplement_20260525/qwen35_27b/gates/select100_seed42_bp80/cssc_gates.json,select100_seed42_bp80,59,o_proj,32,29,0.90625,1.7237174287438393
outputs/supplement_20260525/qwen35_27b/gates/select100_seed42_bp80/cssc_gates.json,select100_seed42_bp80,59,q_proj,32,24,0.75,1.737132739275694
outputs/supplement_20260525/qwen35_27b/gates/select100_seed42_bp80/cssc_gates.json,select100_seed42_bp80,59,v_proj,32,28,0.875,1.6036222763359547
outputs/supplement_20260525/qwen35_27b/gates/select100_seed42_bp80/cssc_gates.json,select100_seed42_bp80,63,o_proj,32,26,0.8125,1.6995224691927433
outputs/supplement_20260525/qwen35_27b/gates/select100_seed42_bp80/cssc_gates.json,select100_seed42_bp80,63,q_proj,32,25,0.78125,1.7519192099571228
outputs/supplement_20260525/qwen35_27b/gates/select100_seed42_bp80/cssc_gates.json,select100_seed42_bp80,63,v_proj,32,27,0.84375,1.6394087299704552
outputs/supplement_20260525/qwen35_27b/gates/select100_seed43_bp80/cssc_gates.json,select100_seed43_bp80,43,o_proj,32,25,0.78125,1.7378055416047573
outputs/supplement_20260525/qwen35_27b/gates/select100_seed43_bp80/cssc_gates.json,select100_seed43_bp80,43,q_proj,32,22,0.6875,1.8049605451524258
outputs/supplement_20260525/qwen35_27b/gates/select100_seed43_bp80/cssc_gates.json,select100_seed43_bp80,43,v_proj,32,23,0.71875,1.7163864709436893
outputs/supplement_20260525/qwen35_27b/gates/select100_seed43_bp80/cssc_gates.json,select100_seed43_bp80,47,o_proj,32,28,0.875,1.727625124156475
outputs/supplement_20260525/qwen35_27b/gates/select100_seed43_bp80/cssc_gates.json,select100_seed43_bp80,47,q_proj,32,25,0.78125,1.7007320262491703
outputs/supplement_20260525/qwen35_27b/gates/select100_seed43_bp80/cssc_gates.json,select100_seed43_bp80,47,v_proj,32,26,0.8125,1.753842405974865
outputs/supplement_20260525/qwen35_27b/gates/select100_seed43_bp80/cssc_gates.json,select100_seed43_bp80,51,o_proj,32,28,0.875,1.7367299124598503
outputs/supplement_20260525/qwen35_27b/gates/select100_seed43_bp80/cssc_gates.json,select100_seed43_bp80,51,q_proj,32,21,0.65625,1.7587590105831623
outputs/supplement_20260525/qwen35_27b/gates/select100_seed43_bp80/cssc_gates.json,select100_seed43_bp80,51,v_proj,32,24,0.75,1.6473357006907463
outputs/supplement_20260525/qwen35_27b/gates/select100_seed43_bp80/cssc_gates.json,select100_seed43_bp80,55,o_proj,32,28,0.875,1.7265241481363773
outputs/supplement_20260525/qwen35_27b/gates/select100_seed43_bp80/cssc_gates.json,select100_seed43_bp80,55,q_proj,32,24,0.75,1.7265403009951115
outputs/supplement_20260525/qwen35_27b/gates/select100_seed43_bp80/cssc_gates.json,select100_seed43_bp80,55,v_proj,32,28,0.875,1.6114750131964684
outputs/supplement_20260525/qwen35_27b/gates/select100_seed43_bp80/cssc_gates.json,select100_seed43_bp80,59,o_proj,32,29,0.90625,1.723939809948206
outputs/supplement_20260525/qwen35_27b/gates/select100_seed43_bp80/cssc_gates.json,select100_seed43_bp80,59,q_proj,32,24,0.75,1.7378684245049953
outputs/supplement_20260525/qwen35_27b/gates/select100_seed43_bp80/cssc_gates.json,select100_seed43_bp80,59,v_proj,32,29,0.90625,1.5984986536204815
outputs/supplement_20260525/qwen35_27b/gates/select100_seed43_bp80/cssc_gates.json,select100_seed43_bp80,63,o_proj,32,26,0.8125,1.6875707916915417
outputs/supplement_20260525/qwen35_27b/gates/select100_seed43_bp80/cssc_gates.json,select100_seed43_bp80,63,q_proj,32,25,0.78125,1.7424196936190128
outputs/supplement_20260525/qwen35_27b/gates/select100_seed43_bp80/cssc_gates.json,select100_seed43_bp80,63,v_proj,32,26,0.8125,1.6363030672073364
outputs/supplement_20260525/qwen35_27b/gates/select250_seed42_bp80/cssc_gates.json,select250_seed42_bp80,43,o_proj,32,24,0.75,1.7512391805648804
outputs/supplement_20260525/qwen35_27b/gates/select250_seed42_bp80/cssc_gates.json,select250_seed42_bp80,43,q_proj,32,22,0.6875,1.7971568331122398
outputs/supplement_20260525/qwen35_27b/gates/select250_seed42_bp80/cssc_gates.json,select250_seed42_bp80,43,v_proj,32,23,0.71875,1.7235869653522968
outputs/supplement_20260525/qwen35_27b/gates/select250_seed42_bp80/cssc_gates.json,select250_seed42_bp80,47,o_proj,32,28,0.875,1.7330372855067253
outputs/supplement_20260525/qwen35_27b/gates/select250_seed42_bp80/cssc_gates.json,select250_seed42_bp80,47,q_proj,32,26,0.8125,1.7168194018304348
outputs/supplement_20260525/qwen35_27b/gates/select250_seed42_bp80/cssc_gates.json,select250_seed42_bp80,47,v_proj,32,25,0.78125,1.7535804025828838
outputs/supplement_20260525/qwen35_27b/gates/select250_seed42_bp80/cssc_gates.json,select250_seed42_bp80,51,o_proj,32,28,0.875,1.7456359155476093
outputs/supplement_20260525/qwen35_27b/gates/select250_seed42_bp80/cssc_gates.json,select250_seed42_bp80,51,q_proj,32,21,0.65625,1.7853558138012886
outputs/supplement_20260525/qwen35_27b/gates/select250_seed42_bp80/cssc_gates.json,select250_seed42_bp80,51,v_proj,32,26,0.8125,1.6629467159509659
outputs/supplement_20260525/qwen35_27b/gates/select250_seed42_bp80/cssc_gates.json,select250_seed42_bp80,55,o_proj,32,28,0.875,1.7282444648444653
outputs/supplement_20260525/qwen35_27b/gates/select250_seed42_bp80/cssc_gates.json,select250_seed42_bp80,55,q_proj,32,22,0.6875,1.7316902540624142
outputs/supplement_20260525/qwen35_27b/gates/select250_seed42_bp80/cssc_gates.json,select250_seed42_bp80,55,v_proj,32,28,0.875,1.6099271178245544
outputs/supplement_20260525/qwen35_27b/gates/select250_seed42_bp80/cssc_gates.json,select250_seed42_bp80,59,o_proj,32,29,0.90625,1.7291907034814358
outputs/supplement_20260525/qwen35_27b/gates/select250_seed42_bp80/cssc_gates.json,select250_seed42_bp80,59,q_proj,32,24,0.75,1.7280166521668434
outputs/supplement_20260525/qwen35_27b/gates/select250_seed42_bp80/cssc_gates.json,select250_seed42_bp80,59,v_proj,32,28,0.875,1.6022840812802315
outputs/supplement_20260525/qwen35_27b/gates/select250_seed42_bp80/cssc_gates.json,select250_seed42_bp80,63,o_proj,32,26,0.8125,1.694945566356182
outputs/supplement_20260525/qwen35_27b/gates/select250_seed42_bp80/cssc_gates.json,select250_seed42_bp80,63,q_proj,32,26,0.8125,1.7266077771782875
outputs/supplement_20260525/qwen35_27b/gates/select250_seed42_bp80/cssc_gates.json,select250_seed42_bp80,63,v_proj,32,27,0.84375,1.6494029648602009
outputs/supplement_20260525/qwen35_27b/gates/select250_seed44_bp80/cssc_gates.json,select250_seed44_bp80,43,o_proj,32,23,0.71875,1.7517179101705551
outputs/supplement_20260525/qwen35_27b/gates/select250_seed44_bp80/cssc_gates.json,select250_seed44_bp80,43,q_proj,32,21,0.65625,1.7858084365725517
outputs/supplement_20260525/qwen35_27b/gates/select250_seed44_bp80/cssc_gates.json,select250_seed44_bp80,43,v_proj,32,23,0.71875,1.71491264924407
outputs/supplement_20260525/qwen35_27b/gates/select250_seed44_bp80/cssc_gates.json,select250_seed44_bp80,47,o_proj,32,28,0.875,1.7236894518136978
outputs/supplement_20260525/qwen35_27b/gates/select250_seed44_bp80/cssc_gates.json,select250_seed44_bp80,47,q_proj,32,27,0.84375,1.7037857100367546
outputs/supplement_20260525/qwen35_27b/gates/select250_seed44_bp80/cssc_gates.json,select250_seed44_bp80,47,v_proj,32,25,0.78125,1.7394668199121952
outputs/supplement_20260525/qwen35_27b/gates/select250_seed44_bp80/cssc_gates.json,select250_seed44_bp80,51,o_proj,32,28,0.875,1.746896356344223
outputs/supplement_20260525/qwen35_27b/gates/select250_seed44_bp80/cssc_gates.json,select250_seed44_bp80,51,q_proj,32,21,0.65625,1.801119364798069
outputs/supplement_20260525/qwen35_27b/gates/select250_seed44_bp80/cssc_gates.json,select250_seed44_bp80,51,v_proj,32,25,0.78125,1.6467690505087376
outputs/supplement_20260525/qwen35_27b/gates/select250_seed44_bp80/cssc_gates.json,select250_seed44_bp80,55,o_proj,32,28,0.875,1.7235280275344849
outputs/supplement_20260525/qwen35_27b/gates/select250_seed44_bp80/cssc_gates.json,select250_seed44_bp80,55,q_proj,32,22,0.6875,1.7249035127460957
outputs/supplement_20260525/qwen35_27b/gates/select250_seed44_bp80/cssc_gates.json,select250_seed44_bp80,55,v_proj,32,28,0.875,1.6132773235440254
outputs/supplement_20260525/qwen35_27b/gates/select250_seed44_bp80/cssc_gates.json,select250_seed44_bp80,59,o_proj,32,30,0.9375,1.72533418238163
outputs/supplement_20260525/qwen35_27b/gates/select250_seed44_bp80/cssc_gates.json,select250_seed44_bp80,59,q_proj,32,24,0.75,1.7433236315846443
outputs/supplement_20260525/qwen35_27b/gates/select250_seed44_bp80/cssc_gates.json,select250_seed44_bp80,59,v_proj,32,28,0.875,1.602773278951645
outputs/supplement_20260525/qwen35_27b/gates/select250_seed44_bp80/cssc_gates.json,select250_seed44_bp80,63,o_proj,32,26,0.8125,1.6907457299530506
outputs/supplement_20260525/qwen35_27b/gates/select250_seed44_bp80/cssc_gates.json,select250_seed44_bp80,63,q_proj,32,27,0.84375,1.7232275605201721
outputs/supplement_20260525/qwen35_27b/gates/select250_seed44_bp80/cssc_gates.json,select250_seed44_bp80,63,v_proj,32,27,0.84375,1.653121504932642
outputs/supplement_20260525/qwen35_27b/gates/select500_seed43_bp80/cssc_gates.json,select500_seed43_bp80,43,o_proj,32,24,0.75,1.7514279410243034
outputs/supplement_20260525/qwen35_27b/gates/select500_seed43_bp80/cssc_gates.json,select500_seed43_bp80,43,q_proj,32,21,0.65625,1.7968098185956478
outputs/supplement_20260525/qwen35_27b/gates/select500_seed43_bp80/cssc_gates.json,select500_seed43_bp80,43,v_proj,32,23,0.71875,1.722736693918705
outputs/supplement_20260525/qwen35_27b/gates/select500_seed43_bp80/cssc_gates.json,select500_seed43_bp80,47,o_proj,32,28,0.875,1.7277125008404255
outputs/supplement_20260525/qwen35_27b/gates/select500_seed43_bp80/cssc_gates.json,select500_seed43_bp80,47,q_proj,32,26,0.8125,1.7002907432615757
outputs/supplement_20260525/qwen35_27b/gates/select500_seed43_bp80/cssc_gates.json,select500_seed43_bp80,47,v_proj,32,25,0.78125,1.7466201484203339
outputs/supplement_20260525/qwen35_27b/gates/select500_seed43_bp80/cssc_gates.json,select500_seed43_bp80,51,o_proj,32,28,0.875,1.7482130713760853
outputs/supplement_20260525/qwen35_27b/gates/select500_seed43_bp80/cssc_gates.json,select500_seed43_bp80,51,q_proj,32,22,0.6875,1.7851268649101257
outputs/supplement_20260525/qwen35_27b/gates/select500_seed43_bp80/cssc_gates.json,select500_seed43_bp80,51,v_proj,32,26,0.8125,1.6518892124295235
outputs/supplement_20260525/qwen35_27b/gates/select500_seed43_bp80/cssc_gates.json,select500_seed43_bp80,55,o_proj,32,28,0.875,1.7205977477133274
outputs/supplement_20260525/qwen35_27b/gates/select500_seed43_bp80/cssc_gates.json,select500_seed43_bp80,55,q_proj,32,22,0.6875,1.7268351390957832
outputs/supplement_20260525/qwen35_27b/gates/select500_seed43_bp80/cssc_gates.json,select500_seed43_bp80,55,v_proj,32,28,0.875,1.6125462986528873
outputs/supplement_20260525/qwen35_27b/gates/select500_seed43_bp80/cssc_gates.json,select500_seed43_bp80,59,o_proj,32,30,0.9375,1.7172709181904793
outputs/supplement_20260525/qwen35_27b/gates/select500_seed43_bp80/cssc_gates.json,select500_seed43_bp80,59,q_proj,32,23,0.71875,1.7504117712378502
outputs/supplement_20260525/qwen35_27b/gates/select500_seed43_bp80/cssc_gates.json,select500_seed43_bp80,59,v_proj,32,28,0.875,1.603457234799862
outputs/supplement_20260525/qwen35_27b/gates/select500_seed43_bp80/cssc_gates.json,select500_seed43_bp80,63,o_proj,32,26,0.8125,1.6856437548995018
outputs/supplement_20260525/qwen35_27b/gates/select500_seed43_bp80/cssc_gates.json,select500_seed43_bp80,63,q_proj,32,26,0.8125,1.7458693981170654
outputs/supplement_20260525/qwen35_27b/gates/select500_seed43_bp80/cssc_gates.json,select500_seed43_bp80,63,v_proj,32,27,0.84375,1.6538566537201405
